RandomSeed,Nfeat,ClassRatio,FlipYProb,Path
2020,10,1,0.01,datasets/simulated_dataset_classfication_Nfeat10_classratio1_flipy0.01_randomseed2020.csv
2020,10,1,0.1,datasets/simulated_dataset_classfication_Nfeat10_classratio1_flipy0.1_randomseed2020.csv
2020,10,1,0.2,datasets/simulated_dataset_classfication_Nfeat10_classratio1_flipy0.2_randomseed2020.csv
2020,10,10,0.01,datasets/simulated_dataset_classfication_Nfeat10_classratio10_flipy0.01_randomseed2020.csv
2020,10,10,0.1,datasets/simulated_dataset_classfication_Nfeat10_classratio10_flipy0.1_randomseed2020.csv
2020,10,10,0.2,datasets/simulated_dataset_classfication_Nfeat10_classratio10_flipy0.2_randomseed2020.csv
2020,10,100,0.01,datasets/simulated_dataset_classfication_Nfeat10_classratio100_flipy0.01_randomseed2020.csv
2020,10,100,0.1,datasets/simulated_dataset_classfication_Nfeat10_classratio100_flipy0.1_randomseed2020.csv
2020,10,100,0.2,datasets/simulated_dataset_classfication_Nfeat10_classratio100_flipy0.2_randomseed2020.csv
2020,100,1,0.01,datasets/simulated_dataset_classfication_Nfeat100_classratio1_flipy0.01_randomseed2020.csv
2020,100,1,0.1,datasets/simulated_dataset_classfication_Nfeat100_classratio1_flipy0.1_randomseed2020.csv
2020,100,1,0.2,datasets/simulated_dataset_classfication_Nfeat100_classratio1_flipy0.2_randomseed2020.csv
2020,100,10,0.01,datasets/simulated_dataset_classfication_Nfeat100_classratio10_flipy0.01_randomseed2020.csv
2020,100,10,0.1,datasets/simulated_dataset_classfication_Nfeat100_classratio10_flipy0.1_randomseed2020.csv
2020,100,10,0.2,datasets/simulated_dataset_classfication_Nfeat100_classratio10_flipy0.2_randomseed2020.csv
2020,100,100,0.01,datasets/simulated_dataset_classfication_Nfeat100_classratio100_flipy0.01_randomseed2020.csv
2020,100,100,0.1,datasets/simulated_dataset_classfication_Nfeat100_classratio100_flipy0.1_randomseed2020.csv
2020,100,100,0.2,datasets/simulated_dataset_classfication_Nfeat100_classratio100_flipy0.2_randomseed2020.csv
2020,500,1,0.01,datasets/simulated_dataset_classfication_Nfeat500_classratio1_flipy0.01_randomseed2020.csv
2020,500,1,0.1,datasets/simulated_dataset_classfication_Nfeat500_classratio1_flipy0.1_randomseed2020.csv
2020,500,1,0.2,datasets/simulated_dataset_classfication_Nfeat500_classratio1_flipy0.2_randomseed2020.csv
2020,500,10,0.01,datasets/simulated_dataset_classfication_Nfeat500_classratio10_flipy0.01_randomseed2020.csv
2020,500,10,0.1,datasets/simulated_dataset_classfication_Nfeat500_classratio10_flipy0.1_randomseed2020.csv
2020,500,10,0.2,datasets/simulated_dataset_classfication_Nfeat500_classratio10_flipy0.2_randomseed2020.csv
2020,500,100,0.01,datasets/simulated_dataset_classfication_Nfeat500_classratio100_flipy0.01_randomseed2020.csv
2020,500,100,0.1,datasets/simulated_dataset_classfication_Nfeat500_classratio100_flipy0.1_randomseed2020.csv
2020,500,100,0.2,datasets/simulated_dataset_classfication_Nfeat500_classratio100_flipy0.2_randomseed2020.csv
2021,10,1,0.01,datasets/simulated_dataset_classfication_Nfeat10_classratio1_flipy0.01_randomseed2021.csv
2021,10,1,0.1,datasets/simulated_dataset_classfication_Nfeat10_classratio1_flipy0.1_randomseed2021.csv
2021,10,1,0.2,datasets/simulated_dataset_classfication_Nfeat10_classratio1_flipy0.2_randomseed2021.csv
2021,10,10,0.01,datasets/simulated_dataset_classfication_Nfeat10_classratio10_flipy0.01_randomseed2021.csv
2021,10,10,0.1,datasets/simulated_dataset_classfication_Nfeat10_classratio10_flipy0.1_randomseed2021.csv
2021,10,10,0.2,datasets/simulated_dataset_classfication_Nfeat10_classratio10_flipy0.2_randomseed2021.csv
2021,10,100,0.01,datasets/simulated_dataset_classfication_Nfeat10_classratio100_flipy0.01_randomseed2021.csv
2021,10,100,0.1,datasets/simulated_dataset_classfication_Nfeat10_classratio100_flipy0.1_randomseed2021.csv
2021,10,100,0.2,datasets/simulated_dataset_classfication_Nfeat10_classratio100_flipy0.2_randomseed2021.csv
2021,100,1,0.01,datasets/simulated_dataset_classfication_Nfeat100_classratio1_flipy0.01_randomseed2021.csv
2021,100,1,0.1,datasets/simulated_dataset_classfication_Nfeat100_classratio1_flipy0.1_randomseed2021.csv
2021,100,1,0.2,datasets/simulated_dataset_classfication_Nfeat100_classratio1_flipy0.2_randomseed2021.csv
2021,100,10,0.01,datasets/simulated_dataset_classfication_Nfeat100_classratio10_flipy0.01_randomseed2021.csv
2021,100,10,0.1,datasets/simulated_dataset_classfication_Nfeat100_classratio10_flipy0.1_randomseed2021.csv
2021,100,10,0.2,datasets/simulated_dataset_classfication_Nfeat100_classratio10_flipy0.2_randomseed2021.csv
2021,100,100,0.01,datasets/simulated_dataset_classfication_Nfeat100_classratio100_flipy0.01_randomseed2021.csv
2021,100,100,0.1,datasets/simulated_dataset_classfication_Nfeat100_classratio100_flipy0.1_randomseed2021.csv
2021,100,100,0.2,datasets/simulated_dataset_classfication_Nfeat100_classratio100_flipy0.2_randomseed2021.csv
2021,500,1,0.01,datasets/simulated_dataset_classfication_Nfeat500_classratio1_flipy0.01_randomseed2021.csv
2021,500,1,0.1,datasets/simulated_dataset_classfication_Nfeat500_classratio1_flipy0.1_randomseed2021.csv
2021,500,1,0.2,datasets/simulated_dataset_classfication_Nfeat500_classratio1_flipy0.2_randomseed2021.csv
2021,500,10,0.01,datasets/simulated_dataset_classfication_Nfeat500_classratio10_flipy0.01_randomseed2021.csv
2021,500,10,0.1,datasets/simulated_dataset_classfication_Nfeat500_classratio10_flipy0.1_randomseed2021.csv
2021,500,10,0.2,datasets/simulated_dataset_classfication_Nfeat500_classratio10_flipy0.2_randomseed2021.csv
2021,500,100,0.01,datasets/simulated_dataset_classfication_Nfeat500_classratio100_flipy0.01_randomseed2021.csv
2021,500,100,0.1,datasets/simulated_dataset_classfication_Nfeat500_classratio100_flipy0.1_randomseed2021.csv
2021,500,100,0.2,datasets/simulated_dataset_classfication_Nfeat500_classratio100_flipy0.2_randomseed2021.csv
2022,10,1,0.01,datasets/simulated_dataset_classfication_Nfeat10_classratio1_flipy0.01_randomseed2022.csv
2022,10,1,0.1,datasets/simulated_dataset_classfication_Nfeat10_classratio1_flipy0.1_randomseed2022.csv
2022,10,1,0.2,datasets/simulated_dataset_classfication_Nfeat10_classratio1_flipy0.2_randomseed2022.csv
2022,10,10,0.01,datasets/simulated_dataset_classfication_Nfeat10_classratio10_flipy0.01_randomseed2022.csv
2022,10,10,0.1,datasets/simulated_dataset_classfication_Nfeat10_classratio10_flipy0.1_randomseed2022.csv
2022,10,10,0.2,datasets/simulated_dataset_classfication_Nfeat10_classratio10_flipy0.2_randomseed2022.csv
2022,10,100,0.01,datasets/simulated_dataset_classfication_Nfeat10_classratio100_flipy0.01_randomseed2022.csv
2022,10,100,0.1,datasets/simulated_dataset_classfication_Nfeat10_classratio100_flipy0.1_randomseed2022.csv
2022,10,100,0.2,datasets/simulated_dataset_classfication_Nfeat10_classratio100_flipy0.2_randomseed2022.csv
2022,100,1,0.01,datasets/simulated_dataset_classfication_Nfeat100_classratio1_flipy0.01_randomseed2022.csv
2022,100,1,0.1,datasets/simulated_dataset_classfication_Nfeat100_classratio1_flipy0.1_randomseed2022.csv
2022,100,1,0.2,datasets/simulated_dataset_classfication_Nfeat100_classratio1_flipy0.2_randomseed2022.csv
2022,100,10,0.01,datasets/simulated_dataset_classfication_Nfeat100_classratio10_flipy0.01_randomseed2022.csv
2022,100,10,0.1,datasets/simulated_dataset_classfication_Nfeat100_classratio10_flipy0.1_randomseed2022.csv
2022,100,10,0.2,datasets/simulated_dataset_classfication_Nfeat100_classratio10_flipy0.2_randomseed2022.csv
2022,100,100,0.01,datasets/simulated_dataset_classfication_Nfeat100_classratio100_flipy0.01_randomseed2022.csv
2022,100,100,0.1,datasets/simulated_dataset_classfication_Nfeat100_classratio100_flipy0.1_randomseed2022.csv
2022,100,100,0.2,datasets/simulated_dataset_classfication_Nfeat100_classratio100_flipy0.2_randomseed2022.csv
2022,500,1,0.01,datasets/simulated_dataset_classfication_Nfeat500_classratio1_flipy0.01_randomseed2022.csv
2022,500,1,0.1,datasets/simulated_dataset_classfication_Nfeat500_classratio1_flipy0.1_randomseed2022.csv
2022,500,1,0.2,datasets/simulated_dataset_classfication_Nfeat500_classratio1_flipy0.2_randomseed2022.csv
2022,500,10,0.01,datasets/simulated_dataset_classfication_Nfeat500_classratio10_flipy0.01_randomseed2022.csv
2022,500,10,0.1,datasets/simulated_dataset_classfication_Nfeat500_classratio10_flipy0.1_randomseed2022.csv
2022,500,10,0.2,datasets/simulated_dataset_classfication_Nfeat500_classratio10_flipy0.2_randomseed2022.csv
2022,500,100,0.01,datasets/simulated_dataset_classfication_Nfeat500_classratio100_flipy0.01_randomseed2022.csv
2022,500,100,0.1,datasets/simulated_dataset_classfication_Nfeat500_classratio100_flipy0.1_randomseed2022.csv
2022,500,100,0.2,datasets/simulated_dataset_classfication_Nfeat500_classratio100_flipy0.2_randomseed2022.csv
2023,10,1,0.01,datasets/simulated_dataset_classfication_Nfeat10_classratio1_flipy0.01_randomseed2023.csv
2023,10,1,0.1,datasets/simulated_dataset_classfication_Nfeat10_classratio1_flipy0.1_randomseed2023.csv
2023,10,1,0.2,datasets/simulated_dataset_classfication_Nfeat10_classratio1_flipy0.2_randomseed2023.csv
2023,10,10,0.01,datasets/simulated_dataset_classfication_Nfeat10_classratio10_flipy0.01_randomseed2023.csv
2023,10,10,0.1,datasets/simulated_dataset_classfication_Nfeat10_classratio10_flipy0.1_randomseed2023.csv
2023,10,10,0.2,datasets/simulated_dataset_classfication_Nfeat10_classratio10_flipy0.2_randomseed2023.csv
2023,10,100,0.01,datasets/simulated_dataset_classfication_Nfeat10_classratio100_flipy0.01_randomseed2023.csv
2023,10,100,0.1,datasets/simulated_dataset_classfication_Nfeat10_classratio100_flipy0.1_randomseed2023.csv
2023,10,100,0.2,datasets/simulated_dataset_classfication_Nfeat10_classratio100_flipy0.2_randomseed2023.csv
2023,100,1,0.01,datasets/simulated_dataset_classfication_Nfeat100_classratio1_flipy0.01_randomseed2023.csv
2023,100,1,0.1,datasets/simulated_dataset_classfication_Nfeat100_classratio1_flipy0.1_randomseed2023.csv
2023,100,1,0.2,datasets/simulated_dataset_classfication_Nfeat100_classratio1_flipy0.2_randomseed2023.csv
2023,100,10,0.01,datasets/simulated_dataset_classfication_Nfeat100_classratio10_flipy0.01_randomseed2023.csv
2023,100,10,0.1,datasets/simulated_dataset_classfication_Nfeat100_classratio10_flipy0.1_randomseed2023.csv
2023,100,10,0.2,datasets/simulated_dataset_classfication_Nfeat100_classratio10_flipy0.2_randomseed2023.csv
2023,100,100,0.01,datasets/simulated_dataset_classfication_Nfeat100_classratio100_flipy0.01_randomseed2023.csv
2023,100,100,0.1,datasets/simulated_dataset_classfication_Nfeat100_classratio100_flipy0.1_randomseed2023.csv
2023,100,100,0.2,datasets/simulated_dataset_classfication_Nfeat100_classratio100_flipy0.2_randomseed2023.csv
2023,500,1,0.01,datasets/simulated_dataset_classfication_Nfeat500_classratio1_flipy0.01_randomseed2023.csv
2023,500,1,0.1,datasets/simulated_dataset_classfication_Nfeat500_classratio1_flipy0.1_randomseed2023.csv
2023,500,1,0.2,datasets/simulated_dataset_classfication_Nfeat500_classratio1_flipy0.2_randomseed2023.csv
2023,500,10,0.01,datasets/simulated_dataset_classfication_Nfeat500_classratio10_flipy0.01_randomseed2023.csv
2023,500,10,0.1,datasets/simulated_dataset_classfication_Nfeat500_classratio10_flipy0.1_randomseed2023.csv
2023,500,10,0.2,datasets/simulated_dataset_classfication_Nfeat500_classratio10_flipy0.2_randomseed2023.csv
2023,500,100,0.01,datasets/simulated_dataset_classfication_Nfeat500_classratio100_flipy0.01_randomseed2023.csv
2023,500,100,0.1,datasets/simulated_dataset_classfication_Nfeat500_classratio100_flipy0.1_randomseed2023.csv
2023,500,100,0.2,datasets/simulated_dataset_classfication_Nfeat500_classratio100_flipy0.2_randomseed2023.csv
2024,10,1,0.01,datasets/simulated_dataset_classfication_Nfeat10_classratio1_flipy0.01_randomseed2024.csv
2024,10,1,0.1,datasets/simulated_dataset_classfication_Nfeat10_classratio1_flipy0.1_randomseed2024.csv
2024,10,1,0.2,datasets/simulated_dataset_classfication_Nfeat10_classratio1_flipy0.2_randomseed2024.csv
2024,10,10,0.01,datasets/simulated_dataset_classfication_Nfeat10_classratio10_flipy0.01_randomseed2024.csv
2024,10,10,0.1,datasets/simulated_dataset_classfication_Nfeat10_classratio10_flipy0.1_randomseed2024.csv
2024,10,10,0.2,datasets/simulated_dataset_classfication_Nfeat10_classratio10_flipy0.2_randomseed2024.csv
2024,10,100,0.01,datasets/simulated_dataset_classfication_Nfeat10_classratio100_flipy0.01_randomseed2024.csv
2024,10,100,0.1,datasets/simulated_dataset_classfication_Nfeat10_classratio100_flipy0.1_randomseed2024.csv
2024,10,100,0.2,datasets/simulated_dataset_classfication_Nfeat10_classratio100_flipy0.2_randomseed2024.csv
2024,100,1,0.01,datasets/simulated_dataset_classfication_Nfeat100_classratio1_flipy0.01_randomseed2024.csv
2024,100,1,0.1,datasets/simulated_dataset_classfication_Nfeat100_classratio1_flipy0.1_randomseed2024.csv
2024,100,1,0.2,datasets/simulated_dataset_classfication_Nfeat100_classratio1_flipy0.2_randomseed2024.csv
2024,100,10,0.01,datasets/simulated_dataset_classfication_Nfeat100_classratio10_flipy0.01_randomseed2024.csv
2024,100,10,0.1,datasets/simulated_dataset_classfication_Nfeat100_classratio10_flipy0.1_randomseed2024.csv
2024,100,10,0.2,datasets/simulated_dataset_classfication_Nfeat100_classratio10_flipy0.2_randomseed2024.csv
2024,100,100,0.01,datasets/simulated_dataset_classfication_Nfeat100_classratio100_flipy0.01_randomseed2024.csv
2024,100,100,0.1,datasets/simulated_dataset_classfication_Nfeat100_classratio100_flipy0.1_randomseed2024.csv
2024,100,100,0.2,datasets/simulated_dataset_classfication_Nfeat100_classratio100_flipy0.2_randomseed2024.csv
2024,500,1,0.01,datasets/simulated_dataset_classfication_Nfeat500_classratio1_flipy0.01_randomseed2024.csv
2024,500,1,0.1,datasets/simulated_dataset_classfication_Nfeat500_classratio1_flipy0.1_randomseed2024.csv
2024,500,1,0.2,datasets/simulated_dataset_classfication_Nfeat500_classratio1_flipy0.2_randomseed2024.csv
2024,500,10,0.01,datasets/simulated_dataset_classfication_Nfeat500_classratio10_flipy0.01_randomseed2024.csv
2024,500,10,0.1,datasets/simulated_dataset_classfication_Nfeat500_classratio10_flipy0.1_randomseed2024.csv
2024,500,10,0.2,datasets/simulated_dataset_classfication_Nfeat500_classratio10_flipy0.2_randomseed2024.csv
2024,500,100,0.01,datasets/simulated_dataset_classfication_Nfeat500_classratio100_flipy0.01_randomseed2024.csv
2024,500,100,0.1,datasets/simulated_dataset_classfication_Nfeat500_classratio100_flipy0.1_randomseed2024.csv
2024,500,100,0.2,datasets/simulated_dataset_classfication_Nfeat500_classratio100_flipy0.2_randomseed2024.csv
